Title,State,Fiscal Year,Amount
Crop Insurance,AK,2018,81177.00
Crop Insurance,AL,2018,28828307.00
Crop Insurance,AR,2018,83510790.00
Crop Insurance,AZ,2018,98351588.00
Crop Insurance,CA,2018,165878273.00
Crop Insurance,CO,2018,80740474.00
Crop Insurance,CT,2018,-336400.00
Crop Insurance,DE,2018,4202733.00
Crop Insurance,FL,2018,3504132511.00
Crop Insurance,GA,2018,319121830.00
Crop Insurance,HI,2018,1459100.00
Crop Insurance,IA,2018,37686975.00
Crop Insurance,ID,2018,-428582.00
Crop Insurance,IL,2018,-173182034.00
Crop Insurance,IN,2018,-75854034.00
Crop Insurance,KS,2018,114016334.00
Crop Insurance,KY,2018,60513361.00
Crop Insurance,LA,2018,60866534.00
Crop Insurance,MA,2018,422804.00
Crop Insurance,MD,2018,9947269.00
Crop Insurance,ME,2018,1748844.00
Crop Insurance,MI,2018,37224092.00
Crop Insurance,MN,2018,145349310.00
Crop Insurance,MO,2018,133131081.00
Crop Insurance,MS,2018,49543316.00
Crop Insurance,MT,2018,47512795.00
Crop Insurance,NC,2018,303659125.00
Crop Insurance,ND,2018,54437195.00
Crop Insurance,NE,2018,-42741193.00
Crop Insurance,NH,2018,122086.00
Crop Insurance,NJ,2018,8045227.00
Crop Insurance,NM,2018,40322109.00
Crop Insurance,NV,2018,20307500.00
Crop Insurance,NY,2018,6768332.00
Crop Insurance,OH,2018,-36603266.00
Crop Insurance,OK,2018,139974746.00
Crop Insurance,OR,2018,13857033.00
Crop Insurance,PA,2018,25672164.00
Crop Insurance,RI,2018,94061.00
Crop Insurance,SC,2018,71711220.00
Crop Insurance,SD,2018,101968937.00
Crop Insurance,TN,2018,23766702.00
Crop Insurance,TX,2018,1278955149.00
Crop Insurance,UT,2018,11752982.00
Crop Insurance,VA,2018,25139219.00
Crop Insurance,VT,2018,332498.00
Crop Insurance,WA,2018,59038287.00
Crop Insurance,WI,2018,40720853.00
Crop Insurance,WV,2018,1034799.00
Crop Insurance,WY,2018,3756488.00
Supplemental Nutrition Assistance Program (SNAP),AK,2018,187357117.00
Supplemental Nutrition Assistance Program (SNAP),AL,2018,1084563290.00
Supplemental Nutrition Assistance Program (SNAP),AR,2018,480472657.00
Supplemental Nutrition Assistance Program (SNAP),AZ,2018,1210429898.00
Supplemental Nutrition Assistance Program (SNAP),CA,2018,6332717643.00
Supplemental Nutrition Assistance Program (SNAP),CO,2018,668610833.00
Supplemental Nutrition Assistance Program (SNAP),CT,2018,614967955.00
Supplemental Nutrition Assistance Program (SNAP),DE,2018,196899033.00
Supplemental Nutrition Assistance Program (SNAP),FL,2018,5763762595.00
Supplemental Nutrition Assistance Program (SNAP),GA,2018,2336788286.00
Supplemental Nutrition Assistance Program (SNAP),HI,2018,469433045.00
Supplemental Nutrition Assistance Program (SNAP),IA,2018,446259982.00
Supplemental Nutrition Assistance Program (SNAP),ID,2018,199514037.00
Supplemental Nutrition Assistance Program (SNAP),IL,2018,2777948512.00
Supplemental Nutrition Assistance Program (SNAP),IN,2018,867533147.00
Supplemental Nutrition Assistance Program (SNAP),KS,2018,293539988.00
Supplemental Nutrition Assistance Program (SNAP),KY,2018,853986982.00
Supplemental Nutrition Assistance Program (SNAP),LA,2018,1297321641.00
Supplemental Nutrition Assistance Program (SNAP),MA,2018,1159118509.00
Supplemental Nutrition Assistance Program (SNAP),MD,2018,910098604.00
Supplemental Nutrition Assistance Program (SNAP),ME,2018,218217647.00
Supplemental Nutrition Assistance Program (SNAP),MI,2018,1894038446.00
Supplemental Nutrition Assistance Program (SNAP),MN,2018,544420005.00
Supplemental Nutrition Assistance Program (SNAP),MO,2018,1061334229.00
Supplemental Nutrition Assistance Program (SNAP),MS,2018,679722657.00
Supplemental Nutrition Assistance Program (SNAP),MT,2018,158389738.00
Supplemental Nutrition Assistance Program (SNAP),NC,2018,1919051873.00
Supplemental Nutrition Assistance Program (SNAP),ND,2018,75391175.00
Supplemental Nutrition Assistance Program (SNAP),NE,2018,229206174.00
Supplemental Nutrition Assistance Program (SNAP),NH,2018,101469828.00
Supplemental Nutrition Assistance Program (SNAP),NJ,2018,1012654300.00
Supplemental Nutrition Assistance Program (SNAP),NM,2018,638421821.00
Supplemental Nutrition Assistance Program (SNAP),NV,2018,614241940.00
Supplemental Nutrition Assistance Program (SNAP),NY,2018,4526970965.00
Supplemental Nutrition Assistance Program (SNAP),OH,2018,2078237006.00
Supplemental Nutrition Assistance Program (SNAP),OK,2018,832653493.00
Supplemental Nutrition Assistance Program (SNAP),OR,2018,937798988.00
Supplemental Nutrition Assistance Program (SNAP),PA,2018,2592183684.00
Supplemental Nutrition Assistance Program (SNAP),RI,2018,259191919.00
Supplemental Nutrition Assistance Program (SNAP),SC,2018,943922431.00
Supplemental Nutrition Assistance Program (SNAP),SD,2018,131112641.00
Supplemental Nutrition Assistance Program (SNAP),TN,2018,1424890904.00
Supplemental Nutrition Assistance Program (SNAP),TX,2018,5525177455.00
Supplemental Nutrition Assistance Program (SNAP),UT,2018,258536027.00
Supplemental Nutrition Assistance Program (SNAP),VA,2018,1051800978.00
Supplemental Nutrition Assistance Program (SNAP),VT,2018,106782062.00
Supplemental Nutrition Assistance Program (SNAP),WA,2018,1268734555.00
Supplemental Nutrition Assistance Program (SNAP),WI,2018,816882114.00
Supplemental Nutrition Assistance Program (SNAP),WV,2018,440298715.00
Supplemental Nutrition Assistance Program (SNAP),WY,2018,40676283.00
Title I: Commodities,AK,2018,327181.34
Title I: Commodities,AL,2018,130378647.99
Title I: Commodities,AR,2018,505591674.62
Title I: Commodities,AZ,2018,27635480.79
Title I: Commodities,CA,2018,145373671.54
Title I: Commodities,CO,2018,165032824.07
Title I: Commodities,CT,2018,1567521.00
Title I: Commodities,DE,2018,12514663.83
Title I: Commodities,FL,2018,60438811.96
Title I: Commodities,GA,2018,278389532.06
Title I: Commodities,HI,2018,4137906.05
Title I: Commodities,IA,2018,257433790.57
Title I: Commodities,ID,2018,114130410.95
Title I: Commodities,IL,2018,391932402.84
Title I: Commodities,IN,2018,297522122.89
Title I: Commodities,KS,2018,489856420.25
Title I: Commodities,KY,2018,99069525.56
Title I: Commodities,LA,2018,205549013.60
Title I: Commodities,MA,2018,2181262.69
Title I: Commodities,MD,2018,36225882.40
Title I: Commodities,ME,2018,3791201.52
Title I: Commodities,MI,2018,170786984.08
Title I: Commodities,MN,2018,249261643.68
Title I: Commodities,MO,2018,281924900.24
Title I: Commodities,MS,2018,164118143.89
Title I: Commodities,MT,2018,304509500.64
Title I: Commodities,NC,2018,109261169.55
Title I: Commodities,ND,2018,424497757.73
Title I: Commodities,NE,2018,656945493.08
Title I: Commodities,NH,2018,1454912.00
Title I: Commodities,NJ,2018,5489688.22
Title I: Commodities,NM,2018,51900393.62
Title I: Commodities,NV,2018,2085107.00
Title I: Commodities,NY,2018,72195920.46
Title I: Commodities,OH,2018,296965114.91
Title I: Commodities,OK,2018,256727243.92
Title I: Commodities,OR,2018,47567822.37
Title I: Commodities,PA,2018,62125882.99
Title I: Commodities,RI,2018,236954.00
Title I: Commodities,SC,2018,41496925.26
Title I: Commodities,SD,2018,312509477.88
Title I: Commodities,TN,2018,73460564.30
Title I: Commodities,TX,2018,756089784.48
Title I: Commodities,UT,2018,25905039.88
Title I: Commodities,VA,2018,54687444.30
Title I: Commodities,VT,2018,7589291.78
Title I: Commodities,WA,2018,108374932.12
Title I: Commodities,WI,2018,118857241.13
Title I: Commodities,WV,2018,3469773.00
Title I: Commodities,WY,2018,16518369.54
Title II: Conservation,AK,2018,13401498.00
Title II: Conservation,AL,2018,58722713.35
Title II: Conservation,AR,2018,184636056.75
Title II: Conservation,AZ,2018,37872600.00
Title II: Conservation,CA,2018,142654667.00
Title II: Conservation,CO,2018,152416634.02
Title II: Conservation,CT,2018,11046634.00
Title II: Conservation,DE,2018,14655642.32
Title II: Conservation,FL,2018,64730334.00
Title II: Conservation,GA,2018,132798652.58
Title II: Conservation,HI,2018,13958014.00
Title II: Conservation,IA,2018,460805417.87
Title II: Conservation,ID,2018,64427893.80
Title II: Conservation,IL,2018,235186322.06
Title II: Conservation,IN,2018,95743914.20
Title II: Conservation,KS,2018,192616009.42
Title II: Conservation,KY,2018,92120399.31
Title II: Conservation,LA,2018,119104665.80
Title II: Conservation,MA,2018,9432452.00
Title II: Conservation,MD,2018,33433443.86
Title II: Conservation,ME,2018,21107816.00
Title II: Conservation,MI,2018,58778527.83
Title II: Conservation,MN,2018,244582170.09
Title II: Conservation,MO,2018,209637013.94
Title II: Conservation,MS,2018,213617057.73
Title II: Conservation,MT,2018,126092562.53
Title II: Conservation,NC,2018,44649316.56
Title II: Conservation,ND,2018,181477976.73
Title II: Conservation,NE,2018,176421044.28
Title II: Conservation,NH,2018,12173665.00
Title II: Conservation,NJ,2018,14538257.00
Title II: Conservation,NM,2018,91787120.82
Title II: Conservation,NV,2018,13138956.00
Title II: Conservation,NY,2018,33890633.17
Title II: Conservation,OH,2018,98347419.65
Title II: Conservation,OK,2018,116784973.78
Title II: Conservation,OR,2018,105371156.11
Title II: Conservation,PA,2018,74202667.13
Title II: Conservation,RI,2018,6864387.00
Title II: Conservation,SC,2018,55043391.50
Title II: Conservation,SD,2018,215764245.63
Title II: Conservation,TN,2018,74699312.12
Title II: Conservation,TX,2018,320246193.53
Title II: Conservation,UT,2018,47157998.00
Title II: Conservation,VA,2018,51551285.19
Title II: Conservation,VT,2018,25873800.76
Title II: Conservation,WA,2018,122113283.62
Title II: Conservation,WI,2018,101986321.84
Title II: Conservation,WV,2018,25239862.00
Title II: Conservation,WY,2018,37421012.00
Crop Insurance,AK,2019,-7124.00
Crop Insurance,AL,2019,40706533.00
Crop Insurance,AR,2019,268429452.00
Crop Insurance,AZ,2019,17616300.00
Crop Insurance,CA,2019,216978747.00
Crop Insurance,CO,2019,27592564.00
Crop Insurance,CT,2019,-2188565.00
Crop Insurance,DE,2019,-233121.00
Crop Insurance,FL,2019,17744976.00
Crop Insurance,GA,2019,145004907.00
Crop Insurance,HI,2019,1621234.00
Crop Insurance,IA,2019,-14487267.00
Crop Insurance,ID,2019,13547210.00
Crop Insurance,IL,2019,407068470.00
Crop Insurance,IN,2019,286136260.00
Crop Insurance,KS,2019,34725564.00
Crop Insurance,KY,2019,86551072.00
Crop Insurance,LA,2019,106685910.00
Crop Insurance,MA,2019,574868.00
Crop Insurance,MD,2019,1315502.00
Crop Insurance,ME,2019,5963232.00
Crop Insurance,MI,2019,248401214.00
Crop Insurance,MN,2019,584151868.00
Crop Insurance,MO,2019,320402670.00
Crop Insurance,MS,2019,176379000.00
Crop Insurance,MT,2019,52412424.00
Crop Insurance,NC,2019,185121520.00
Crop Insurance,ND,2019,664630753.00
Crop Insurance,NE,2019,31403249.00
Crop Insurance,NH,2019,78355.00
Crop Insurance,NJ,2019,4418463.00
Crop Insurance,NM,2019,26887565.00
Crop Insurance,NV,2019,17740477.00
Crop Insurance,NY,2019,60834890.00
Crop Insurance,OH,2019,422971181.00
Crop Insurance,OK,2019,64489977.00
Crop Insurance,OR,2019,22053205.00
Crop Insurance,PA,2019,18941807.00
Crop Insurance,RI,2019,81376.00
Crop Insurance,SC,2019,70132670.00
Crop Insurance,SD,2019,902398630.00
Crop Insurance,TN,2019,34468105.00
Crop Insurance,TX,2019,891001954.00
Crop Insurance,UT,2019,7524106.00
Crop Insurance,VA,2019,25916632.00
Crop Insurance,VT,2019,2351171.00
Crop Insurance,WA,2019,168471399.00
Crop Insurance,WI,2019,171653559.00
Crop Insurance,WV,2019,130799.00
Crop Insurance,WY,2019,10217590.00
Supplemental Nutrition Assistance Program (SNAP),AK,2019,171091672.00
Supplemental Nutrition Assistance Program (SNAP),AL,2019,1032064886.00
Supplemental Nutrition Assistance Program (SNAP),AR,2019,460333605.00
Supplemental Nutrition Assistance Program (SNAP),AZ,2019,1146712214.00
Supplemental Nutrition Assistance Program (SNAP),CA,2019,5977281299.00
Supplemental Nutrition Assistance Program (SNAP),CO,2019,639000457.00
Supplemental Nutrition Assistance Program (SNAP),CT,2019,584718600.00
Supplemental Nutrition Assistance Program (SNAP),DE,2019,178138585.00
Supplemental Nutrition Assistance Program (SNAP),FL,2019,4035386245.00
Supplemental Nutrition Assistance Program (SNAP),GA,2019,2115101241.00
Supplemental Nutrition Assistance Program (SNAP),HI,2019,448431408.00
Supplemental Nutrition Assistance Program (SNAP),IA,2019,429315218.00
Supplemental Nutrition Assistance Program (SNAP),ID,2019,192918233.00
Supplemental Nutrition Assistance Program (SNAP),IL,2019,2646035880.00
Supplemental Nutrition Assistance Program (SNAP),IN,2019,819644875.00
Supplemental Nutrition Assistance Program (SNAP),KS,2019,265322548.00
Supplemental Nutrition Assistance Program (SNAP),KY,2019,739297747.00
Supplemental Nutrition Assistance Program (SNAP),LA,2019,1214657938.00
Supplemental Nutrition Assistance Program (SNAP),MA,2019,1131148466.00
Supplemental Nutrition Assistance Program (SNAP),MD,2019,878649666.00
Supplemental Nutrition Assistance Program (SNAP),ME,2019,203630527.00
Supplemental Nutrition Assistance Program (SNAP),MI,2019,1701430344.00
Supplemental Nutrition Assistance Program (SNAP),MN,2019,509464759.00
Supplemental Nutrition Assistance Program (SNAP),MO,2019,996212141.00
Supplemental Nutrition Assistance Program (SNAP),MS,2019,605780127.00
Supplemental Nutrition Assistance Program (SNAP),MT,2019,146944184.00
Supplemental Nutrition Assistance Program (SNAP),NC,2019,1863656810.00
Supplemental Nutrition Assistance Program (SNAP),ND,2019,68485818.00
Supplemental Nutrition Assistance Program (SNAP),NE,2019,221960791.00
Supplemental Nutrition Assistance Program (SNAP),NH,2019,92889191.00
Supplemental Nutrition Assistance Program (SNAP),NJ,2019,953558696.00
Supplemental Nutrition Assistance Program (SNAP),NM,2019,632907856.00
Supplemental Nutrition Assistance Program (SNAP),NV,2019,587953503.00
Supplemental Nutrition Assistance Program (SNAP),NY,2019,4339617966.00
Supplemental Nutrition Assistance Program (SNAP),OH,2019,2020497444.00
Supplemental Nutrition Assistance Program (SNAP),OK,2019,819546294.00
Supplemental Nutrition Assistance Program (SNAP),OR,2019,884189650.00
Supplemental Nutrition Assistance Program (SNAP),PA,2019,2513696584.00
Supplemental Nutrition Assistance Program (SNAP),RI,2019,244223564.00
Supplemental Nutrition Assistance Program (SNAP),SC,2019,854652751.00
Supplemental Nutrition Assistance Program (SNAP),SD,2019,121995672.00
Supplemental Nutrition Assistance Program (SNAP),TN,2019,1307248122.00
Supplemental Nutrition Assistance Program (SNAP),TX,2019,4767112796.00
Supplemental Nutrition Assistance Program (SNAP),UT,2019,234552832.00
Supplemental Nutrition Assistance Program (SNAP),VA,2019,1002380166.00
Supplemental Nutrition Assistance Program (SNAP),VT,2019,100248674.00
Supplemental Nutrition Assistance Program (SNAP),WA,2019,1192380309.00
Supplemental Nutrition Assistance Program (SNAP),WI,2019,778373061.00
Supplemental Nutrition Assistance Program (SNAP),WV,2019,397899950.00
Supplemental Nutrition Assistance Program (SNAP),WY,2019,36277115.00
Title I: Commodities,AK,2019,585920.33
Title I: Commodities,AL,2019,39749126.32
Title I: Commodities,AR,2019,287389700.16
Title I: Commodities,AZ,2019,19684956.74
Title I: Commodities,CA,2019,72558488.78
Title I: Commodities,CO,2019,96070850.20
Title I: Commodities,CT,2019,1258157.67
Title I: Commodities,DE,2019,1844117.99
Title I: Commodities,FL,2019,35339427.89
Title I: Commodities,GA,2019,158280589.95
Title I: Commodities,HI,2019,1597747.56
Title I: Commodities,IA,2019,63702728.18
Title I: Commodities,ID,2019,90956586.38
Title I: Commodities,IL,2019,68905416.19
Title I: Commodities,IN,2019,61258581.90
Title I: Commodities,KS,2019,335013832.17
Title I: Commodities,KY,2019,19436319.94
Title I: Commodities,LA,2019,104579468.23
Title I: Commodities,MA,2019,1583829.64
Title I: Commodities,MD,2019,8368445.38
Title I: Commodities,ME,2019,3772057.71
Title I: Commodities,MI,2019,82267179.96
Title I: Commodities,MN,2019,73072043.17
Title I: Commodities,MO,2019,176833289.84
Title I: Commodities,MS,2019,65566365.64
Title I: Commodities,MT,2019,180441658.38
Title I: Commodities,NC,2019,42565070.72
Title I: Commodities,ND,2019,295058204.90
Title I: Commodities,NE,2019,130060860.87
Title I: Commodities,NH,2019,1085298.76
Title I: Commodities,NJ,2019,943430.72
Title I: Commodities,NM,2019,37174011.16
Title I: Commodities,NV,2019,3639397.27
Title I: Commodities,NY,2019,34304465.02
Title I: Commodities,OH,2019,78903405.93
Title I: Commodities,OK,2019,150210261.96
Title I: Commodities,OR,2019,44373664.35
Title I: Commodities,PA,2019,28116614.92
Title I: Commodities,RI,2019,61733.18
Title I: Commodities,SC,2019,19232972.60
Title I: Commodities,SD,2019,216183058.73
Title I: Commodities,TN,2019,16020423.81
Title I: Commodities,TX,2019,451739971.54
Title I: Commodities,UT,2019,23646834.39
Title I: Commodities,VA,2019,29624580.56
Title I: Commodities,VT,2019,8126915.11
Title I: Commodities,WA,2019,48826677.81
Title I: Commodities,WI,2019,90990137.04
Title I: Commodities,WV,2019,1180325.65
Title I: Commodities,WY,2019,12090270.08
Title II: Conservation,AK,2019,14984109.00
Title II: Conservation,AL,2019,65825583.67
Title II: Conservation,AR,2019,175201142.59
Title II: Conservation,AZ,2019,61868700.00
Title II: Conservation,CA,2019,151441715.92
Title II: Conservation,CO,2019,169393937.39
Title II: Conservation,CT,2019,10244577.00
Title II: Conservation,DE,2019,14038334.67
Title II: Conservation,FL,2019,62726334.00
Title II: Conservation,GA,2019,153775453.36
Title II: Conservation,HI,2019,19291748.00
Title II: Conservation,IA,2019,513922513.40
Title II: Conservation,ID,2019,67799146.89
Title II: Conservation,IL,2019,250331380.40
Title II: Conservation,IN,2019,106423085.83
Title II: Conservation,KS,2019,202218854.93
Title II: Conservation,KY,2019,89975047.84
Title II: Conservation,LA,2019,143277555.37
Title II: Conservation,MA,2019,9741152.00
Title II: Conservation,MD,2019,36048524.59
Title II: Conservation,ME,2019,19724552.00
Title II: Conservation,MI,2019,69987740.27
Title II: Conservation,MN,2019,232977946.62
Title II: Conservation,MO,2019,230511282.48
Title II: Conservation,MS,2019,233229635.82
Title II: Conservation,MT,2019,134573595.04
Title II: Conservation,NC,2019,49991124.00
Title II: Conservation,ND,2019,146766951.59
Title II: Conservation,NE,2019,200888040.74
Title II: Conservation,NH,2019,13347052.00
Title II: Conservation,NJ,2019,10946528.00
Title II: Conservation,NM,2019,72712538.42
Title II: Conservation,NV,2019,12511086.00
Title II: Conservation,NY,2019,33766324.35
Title II: Conservation,OH,2019,102323320.53
Title II: Conservation,OK,2019,130575119.52
Title II: Conservation,OR,2019,102947213.74
Title II: Conservation,PA,2019,74146819.94
Title II: Conservation,RI,2019,5235165.00
Title II: Conservation,SC,2019,56503181.72
Title II: Conservation,SD,2019,211879774.47
Title II: Conservation,TN,2019,88160712.00
Title II: Conservation,TX,2019,333759107.50
Title II: Conservation,UT,2019,52355409.00
Title II: Conservation,VA,2019,56204448.42
Title II: Conservation,VT,2019,26102558.00
Title II: Conservation,WA,2019,124360344.68
Title II: Conservation,WI,2019,125895860.69
Title II: Conservation,WV,2019,23790148.00
Title II: Conservation,WY,2019,41904242.00
Crop Insurance,AK,2020,3153.00
Crop Insurance,AL,2020,52928542.00
Crop Insurance,AR,2020,217683831.00
Crop Insurance,AZ,2020,115754560.00
Crop Insurance,CA,2020,481957948.00
Crop Insurance,CO,2020,193383985.00
Crop Insurance,CT,2020,1277761.00
Crop Insurance,DE,2020,-1150653.00
Crop Insurance,FL,2020,43018039.00
Crop Insurance,GA,2020,77391344.00
Crop Insurance,HI,2020,1683941.00
Crop Insurance,IA,2020,338640690.00
Crop Insurance,ID,2020,12004667.00
Crop Insurance,IL,2020,-92414811.00
Crop Insurance,IN,2020,-378868012.00
Crop Insurance,KS,2020,12361148.00
Crop Insurance,KY,2020,47956352.00
Crop Insurance,LA,2020,95647813.00
Crop Insurance,MA,2020,1506046.00
Crop Insurance,MD,2020,550875.00
Crop Insurance,ME,2020,5852104.00
Crop Insurance,MI,2020,26265371.00
Crop Insurance,MN,2020,8246905.00
Crop Insurance,MO,2020,35500539.00
Crop Insurance,MS,2020,108131312.00
Crop Insurance,MT,2020,-3043962.00
Crop Insurance,NC,2020,266690560.00
Crop Insurance,ND,2020,764547696.00
Crop Insurance,NE,2020,2624707.00
Crop Insurance,NH,2020,102222.00
Crop Insurance,NJ,2020,708060.00
Crop Insurance,NM,2020,103596957.00
Crop Insurance,NV,2020,116217021.00
Crop Insurance,NY,2020,16601470.00
Crop Insurance,OH,2020,-10185217.00
Crop Insurance,OK,2020,50768490.00
Crop Insurance,OR,2020,60256264.00
Crop Insurance,PA,2020,48559594.00
Crop Insurance,RI,2020,300652.00
Crop Insurance,SC,2020,66730834.00
Crop Insurance,SD,2020,-71789044.00
Crop Insurance,TN,2020,32795792.00
Crop Insurance,TX,2020,1190294692.00
Crop Insurance,UT,2020,43647832.00
Crop Insurance,VA,2020,43094730.00
Crop Insurance,VT,2020,1183679.00
Crop Insurance,WA,2020,100289113.00
Crop Insurance,WI,2020,254368.00
Crop Insurance,WV,2020,1577602.00
Crop Insurance,WY,2020,19911975.00
Supplemental Nutrition Assistance Program (SNAP),AK,2020,198298992.00
Supplemental Nutrition Assistance Program (SNAP),AL,2020,1359495890.00
Supplemental Nutrition Assistance Program (SNAP),AR,2020,660915016.00
Supplemental Nutrition Assistance Program (SNAP),AZ,2020,1469174725.00
Supplemental Nutrition Assistance Program (SNAP),CA,2020,7818586485.00
Supplemental Nutrition Assistance Program (SNAP),CO,2020,912978201.00
Supplemental Nutrition Assistance Program (SNAP),CT,2020,721754999.00
Supplemental Nutrition Assistance Program (SNAP),DE,2020,215100949.00
Supplemental Nutrition Assistance Program (SNAP),FL,2020,6007542066.00
Supplemental Nutrition Assistance Program (SNAP),GA,2020,2906208820.00
Supplemental Nutrition Assistance Program (SNAP),HI,2020,563931492.00
Supplemental Nutrition Assistance Program (SNAP),IA,2020,545552128.00
Supplemental Nutrition Assistance Program (SNAP),ID,2020,194520346.00
Supplemental Nutrition Assistance Program (SNAP),IL,2020,3381674266.00
Supplemental Nutrition Assistance Program (SNAP),IN,2020,1091236875.00
Supplemental Nutrition Assistance Program (SNAP),KS,2020,336631296.00
Supplemental Nutrition Assistance Program (SNAP),KY,2020,997788980.00
Supplemental Nutrition Assistance Program (SNAP),LA,2020,1576364622.00
Supplemental Nutrition Assistance Program (SNAP),MA,2020,1472070728.00
Supplemental Nutrition Assistance Program (SNAP),MD,2020,1270867930.00
Supplemental Nutrition Assistance Program (SNAP),ME,2020,277026746.00
Supplemental Nutrition Assistance Program (SNAP),MI,2020,2296880243.00
Supplemental Nutrition Assistance Program (SNAP),MN,2020,959125365.00
Supplemental Nutrition Assistance Program (SNAP),MO,2020,1324976208.00
Supplemental Nutrition Assistance Program (SNAP),MS,2020,772290269.00
Supplemental Nutrition Assistance Program (SNAP),MT,2020,192530803.00
Supplemental Nutrition Assistance Program (SNAP),NC,2020,2391518239.00
Supplemental Nutrition Assistance Program (SNAP),ND,2020,84360845.00
Supplemental Nutrition Assistance Program (SNAP),NE,2020,254347798.00
Supplemental Nutrition Assistance Program (SNAP),NH,2020,116852942.00
Supplemental Nutrition Assistance Program (SNAP),NJ,2020,1288738288.00
Supplemental Nutrition Assistance Program (SNAP),NM,2020,903755521.00
Supplemental Nutrition Assistance Program (SNAP),NV,2020,903103249.00
Supplemental Nutrition Assistance Program (SNAP),NY,2020,5118950034.00
Supplemental Nutrition Assistance Program (SNAP),OH,2020,3099962149.00
Supplemental Nutrition Assistance Program (SNAP),OK,2020,1056260544.00
Supplemental Nutrition Assistance Program (SNAP),OR,2020,1170543331.00
Supplemental Nutrition Assistance Program (SNAP),PA,2020,3249170462.00
Supplemental Nutrition Assistance Program (SNAP),RI,2020,278985653.00
Supplemental Nutrition Assistance Program (SNAP),SC,2020,1101611441.00
Supplemental Nutrition Assistance Program (SNAP),SD,2020,143860091.00
Supplemental Nutrition Assistance Program (SNAP),TN,2020,1774499562.00
Supplemental Nutrition Assistance Program (SNAP),TX,2020,6300171765.00
Supplemental Nutrition Assistance Program (SNAP),UT,2020,279594698.00
Supplemental Nutrition Assistance Program (SNAP),VA,2020,1331022987.00
Supplemental Nutrition Assistance Program (SNAP),VT,2020,117478730.00
Supplemental Nutrition Assistance Program (SNAP),WA,2020,1598425639.00
Supplemental Nutrition Assistance Program (SNAP),WI,2020,1104399935.00
Supplemental Nutrition Assistance Program (SNAP),WV,2020,518346256.00
Supplemental Nutrition Assistance Program (SNAP),WY,2020,45870674.00
Title I: Commodities,AK,2020,492221.69
Title I: Commodities,AL,2020,65908845.14
Title I: Commodities,AR,2020,353070971.52
Title I: Commodities,AZ,2020,24118287.76
Title I: Commodities,CA,2020,50565819.88
Title I: Commodities,CO,2020,60507916.83
Title I: Commodities,CT,2020,535331.77
Title I: Commodities,DE,2020,6791844.80
Title I: Commodities,FL,2020,43537129.51
Title I: Commodities,GA,2020,204531687.40
Title I: Commodities,HI,2020,4312962.74
Title I: Commodities,IA,2020,54053524.41
Title I: Commodities,ID,2020,42342919.95
Title I: Commodities,IL,2020,16839978.40
Title I: Commodities,IN,2020,9411468.48
Title I: Commodities,KS,2020,230963199.76
Title I: Commodities,KY,2020,13521794.18
Title I: Commodities,LA,2020,145451067.90
Title I: Commodities,MA,2020,2673427.89
Title I: Commodities,MD,2020,13111316.78
Title I: Commodities,ME,2020,994164.57
Title I: Commodities,MI,2020,26542307.14
Title I: Commodities,MN,2020,89400292.51
Title I: Commodities,MO,2020,156244592.61
Title I: Commodities,MS,2020,113050525.79
Title I: Commodities,MT,2020,87617768.41
Title I: Commodities,NC,2020,72645503.57
Title I: Commodities,ND,2020,157755864.66
Title I: Commodities,NE,2020,66820744.64
Title I: Commodities,NH,2020,328077.84
Title I: Commodities,NJ,2020,1862604.46
Title I: Commodities,NM,2020,31352047.80
Title I: Commodities,NV,2020,3982440.79
Title I: Commodities,NY,2020,13359774.12
Title I: Commodities,OH,2020,13834115.74
Title I: Commodities,OK,2020,116962659.71
Title I: Commodities,OR,2020,15688473.87
Title I: Commodities,PA,2020,21674001.63
Title I: Commodities,RI,2020,70800.85
Title I: Commodities,SC,2020,30747264.18
Title I: Commodities,SD,2020,81693316.51
Title I: Commodities,TN,2020,30598211.49
Title I: Commodities,TX,2020,525942535.72
Title I: Commodities,UT,2020,12248946.58
Title I: Commodities,VA,2020,22502350.65
Title I: Commodities,VT,2020,2295339.84
Title I: Commodities,WA,2020,18106609.86
Title I: Commodities,WI,2020,51774134.77
Title I: Commodities,WV,2020,901380.96
Title I: Commodities,WY,2020,10060308.55
Title II: Conservation,AK,2020,12893715.00
Title II: Conservation,AL,2020,66750225.54
Title II: Conservation,AR,2020,306135664.61
Title II: Conservation,AZ,2020,25556700.00
Title II: Conservation,CA,2020,169302588.00
Title II: Conservation,CO,2020,161126104.50
Title II: Conservation,CT,2020,11848507.00
Title II: Conservation,DE,2020,17122401.00
Title II: Conservation,FL,2020,80461332.49
Title II: Conservation,GA,2020,162971340.23
Title II: Conservation,HI,2020,17497972.00
Title II: Conservation,IA,2020,514123731.37
Title II: Conservation,ID,2020,81062151.85
Title II: Conservation,IL,2020,295091340.38
Title II: Conservation,IN,2020,117960025.92
Title II: Conservation,KS,2020,218149833.41
Title II: Conservation,KY,2020,105360299.42
Title II: Conservation,LA,2020,159642116.73
Title II: Conservation,MA,2020,12577736.00
Title II: Conservation,MD,2020,31555418.51
Title II: Conservation,ME,2020,18061589.85
Title II: Conservation,MI,2020,71966956.95
Title II: Conservation,MN,2020,349874995.29
Title II: Conservation,MO,2020,225418503.71
Title II: Conservation,MS,2020,300163025.03
Title II: Conservation,MT,2020,179629644.35
Title II: Conservation,NC,2020,60523524.10
Title II: Conservation,ND,2020,250404508.19
Title II: Conservation,NE,2020,216380545.44
Title II: Conservation,NH,2020,12642052.00
Title II: Conservation,NJ,2020,10999332.00
Title II: Conservation,NM,2020,81640183.19
Title II: Conservation,NV,2020,11280886.00
Title II: Conservation,NY,2020,32741610.60
Title II: Conservation,OH,2020,102423775.37
Title II: Conservation,OK,2020,126944408.33
Title II: Conservation,OR,2020,121081544.36
Title II: Conservation,PA,2020,70560114.99
Title II: Conservation,RI,2020,8573865.00
Title II: Conservation,SC,2020,67362742.36
Title II: Conservation,SD,2020,341458225.00
Title II: Conservation,TN,2020,90881462.74
Title II: Conservation,TX,2020,320895333.26
Title II: Conservation,UT,2020,61126057.66
Title II: Conservation,VA,2020,59293887.02
Title II: Conservation,VT,2020,25336602.49
Title II: Conservation,WA,2020,145766148.19
Title II: Conservation,WI,2020,139889381.97
Title II: Conservation,WV,2020,27068241.00
Title II: Conservation,WY,2020,39571002.00
Crop Insurance,AK,2021,49757.00
Crop Insurance,AL,2021,17648330.00
Crop Insurance,AR,2021,163924187.00
Crop Insurance,AZ,2021,87197180.00
Crop Insurance,CA,2021,353771733.00
Crop Insurance,CO,2021,98546081.00
Crop Insurance,CT,2021,17014145.00
Crop Insurance,DE,2021,-2555328.00
Crop Insurance,FL,2021,40000469.00
Crop Insurance,GA,2021,71545586.00
Crop Insurance,HI,2021,1338984.00
Crop Insurance,IA,2021,-373331476.00
Crop Insurance,ID,2021,147214646.00
Crop Insurance,IL,2021,-284673114.00
Crop Insurance,IN,2021,-156382232.00
Crop Insurance,KS,2021,-39401329.00
Crop Insurance,KY,2021,2358114.00
Crop Insurance,LA,2021,88141226.00
Crop Insurance,MA,2021,8633955.00
Crop Insurance,MD,2021,-5782187.00
Crop Insurance,ME,2021,1400538.00
Crop Insurance,MI,2021,-2666800.00
Crop Insurance,MN,2021,205158392.00
Crop Insurance,MO,2021,67479344.00
Crop Insurance,MS,2021,84690521.00
Crop Insurance,MT,2021,491038730.00
Crop Insurance,NC,2021,76602186.00
Crop Insurance,ND,2021,1456936232.00
Crop Insurance,NE,2021,-109473645.00
Crop Insurance,NH,2021,62539.00
Crop Insurance,NJ,2021,-579885.00
Crop Insurance,NM,2021,87330368.00
Crop Insurance,NV,2021,65581379.00
Crop Insurance,NY,2021,9691609.00
Crop Insurance,OH,2021,-103543489.00
Crop Insurance,OK,2021,32772121.00
Crop Insurance,OR,2021,127004161.00
Crop Insurance,PA,2021,4807370.00
Crop Insurance,RI,2021,129176.00
Crop Insurance,SC,2021,-8694129.00
Crop Insurance,SD,2021,460065063.00
Crop Insurance,TN,2021,4049920.00
Crop Insurance,TX,2021,814230544.00
Crop Insurance,UT,2021,38600702.00
Crop Insurance,VA,2021,8829035.00
Crop Insurance,VT,2021,852828.00
Crop Insurance,WA,2021,355169539.00
Crop Insurance,WI,2021,-36329273.00
Crop Insurance,WV,2021,1153104.00
Crop Insurance,WY,2021,17467451.00
Supplemental Nutrition Assistance Program (SNAP),AK,2021,288045258.00
Supplemental Nutrition Assistance Program (SNAP),AL,2021,1974053519.00
Supplemental Nutrition Assistance Program (SNAP),AR,2021,765794046.00
Supplemental Nutrition Assistance Program (SNAP),AZ,2021,2175824745.00
Supplemental Nutrition Assistance Program (SNAP),CA,2021,11243441465.00
Supplemental Nutrition Assistance Program (SNAP),CO,2021,1304761706.00
Supplemental Nutrition Assistance Program (SNAP),CT,2021,980157323.00
Supplemental Nutrition Assistance Program (SNAP),DE,2021,288020710.00
Supplemental Nutrition Assistance Program (SNAP),FL,2021,7924263325.00
Supplemental Nutrition Assistance Program (SNAP),GA,2021,4085504054.00
Supplemental Nutrition Assistance Program (SNAP),HI,2021,944131080.00
Supplemental Nutrition Assistance Program (SNAP),IA,2021,727003312.00
Supplemental Nutrition Assistance Program (SNAP),ID,2021,258380769.00
Supplemental Nutrition Assistance Program (SNAP),IL,2021,5099888484.00
Supplemental Nutrition Assistance Program (SNAP),IN,2021,1619482719.00
Supplemental Nutrition Assistance Program (SNAP),KS,2021,488517358.00
Supplemental Nutrition Assistance Program (SNAP),KY,2021,1610391177.00
Supplemental Nutrition Assistance Program (SNAP),LA,2021,2462801412.00
Supplemental Nutrition Assistance Program (SNAP),MA,2021,2350041332.00
Supplemental Nutrition Assistance Program (SNAP),MD,2021,2146479444.00
Supplemental Nutrition Assistance Program (SNAP),ME,2021,409705765.00
Supplemental Nutrition Assistance Program (SNAP),MI,2021,3246391707.00
Supplemental Nutrition Assistance Program (SNAP),MN,2021,1985655426.00
Supplemental Nutrition Assistance Program (SNAP),MO,2021,1734889161.00
Supplemental Nutrition Assistance Program (SNAP),MS,2021,1066435430.00
Supplemental Nutrition Assistance Program (SNAP),MT,2021,228795841.00
Supplemental Nutrition Assistance Program (SNAP),NC,2021,3994650815.00
Supplemental Nutrition Assistance Program (SNAP),ND,2021,113160074.00
Supplemental Nutrition Assistance Program (SNAP),NE,2021,356554249.00
Supplemental Nutrition Assistance Program (SNAP),NH,2021,174557213.00
Supplemental Nutrition Assistance Program (SNAP),NJ,2021,2169432714.00
Supplemental Nutrition Assistance Program (SNAP),NM,2021,1339883626.00
Supplemental Nutrition Assistance Program (SNAP),NV,2021,1234696544.00
Supplemental Nutrition Assistance Program (SNAP),NY,2021,7311543597.00
Supplemental Nutrition Assistance Program (SNAP),OH,2021,3865203855.00
Supplemental Nutrition Assistance Program (SNAP),OK,2021,1472962209.00
Supplemental Nutrition Assistance Program (SNAP),OR,2021,1847403478.00
Supplemental Nutrition Assistance Program (SNAP),PA,2021,5170214891.00
Supplemental Nutrition Assistance Program (SNAP),RI,2021,378689563.00
Supplemental Nutrition Assistance Program (SNAP),SC,2021,1550266093.00
Supplemental Nutrition Assistance Program (SNAP),SD,2021,177819200.00
Supplemental Nutrition Assistance Program (SNAP),TN,2021,3094821635.00
Supplemental Nutrition Assistance Program (SNAP),TX,2021,8751945285.00
Supplemental Nutrition Assistance Program (SNAP),UT,2021,412957155.00
Supplemental Nutrition Assistance Program (SNAP),VA,2021,1901832165.00
Supplemental Nutrition Assistance Program (SNAP),VT,2021,169353925.00
Supplemental Nutrition Assistance Program (SNAP),WA,2021,2359661930.00
Supplemental Nutrition Assistance Program (SNAP),WI,2021,1964034853.00
Supplemental Nutrition Assistance Program (SNAP),WV,2021,772297950.00
Supplemental Nutrition Assistance Program (SNAP),WY,2021,73313685.00
Title I: Commodities,AK,2021,173490.96
Title I: Commodities,AL,2021,92702978.07
Title I: Commodities,AR,2021,331347636.25
Title I: Commodities,AZ,2021,66634975.42
Title I: Commodities,CA,2021,181450496.46
Title I: Commodities,CO,2021,137745612.42
Title I: Commodities,CT,2021,2738660.93
Title I: Commodities,DE,2021,5353955.94
Title I: Commodities,FL,2021,50556422.80
Title I: Commodities,GA,2021,283968350.24
Title I: Commodities,HI,2021,3800436.41
Title I: Commodities,IA,2021,333155111.52
Title I: Commodities,ID,2021,116223208.75
Title I: Commodities,IL,2021,416934835.15
Title I: Commodities,IN,2021,221928473.16
Title I: Commodities,KS,2021,466141292.86
Title I: Commodities,KY,2021,60978631.08
Title I: Commodities,LA,2021,158461421.26
Title I: Commodities,MA,2021,4036313.87
Title I: Commodities,MD,2021,23043484.40
Title I: Commodities,ME,2021,6439852.08
Title I: Commodities,MI,2021,126200209.23
Title I: Commodities,MN,2021,455197818.06
Title I: Commodities,MO,2021,224768059.18
Title I: Commodities,MS,2021,187674526.43
Title I: Commodities,MT,2021,220804613.59
Title I: Commodities,NC,2021,130811212.68
Title I: Commodities,ND,2021,508761946.32
Title I: Commodities,NE,2021,275364269.35
Title I: Commodities,NH,2021,2591171.04
Title I: Commodities,NJ,2021,3177526.90
Title I: Commodities,NM,2021,77331810.75
Title I: Commodities,NV,2021,20929296.01
Title I: Commodities,NY,2021,86994027.47
Title I: Commodities,OH,2021,188369254.25
Title I: Commodities,OK,2021,234965308.80
Title I: Commodities,OR,2021,87603650.06
Title I: Commodities,PA,2021,64878947.99
Title I: Commodities,RI,2021,156139.46
Title I: Commodities,SC,2021,57625691.48
Title I: Commodities,SD,2021,328523111.02
Title I: Commodities,TN,2021,82765966.55
Title I: Commodities,TX,2021,803051676.03
Title I: Commodities,UT,2021,58637840.69
Title I: Commodities,VA,2021,47322779.63
Title I: Commodities,VT,2021,19369022.70
Title I: Commodities,WA,2021,151756889.69
Title I: Commodities,WI,2021,252685236.67
Title I: Commodities,WV,2021,1573771.04
Title I: Commodities,WY,2021,52845839.20
Title II: Conservation,AK,2021,12277225.00
Title II: Conservation,AL,2021,85294362.99
Title II: Conservation,AR,2021,155495645.74
Title II: Conservation,AZ,2021,31446600.00
Title II: Conservation,CA,2021,168936805.00
Title II: Conservation,CO,2021,154877488.59
Title II: Conservation,CT,2021,13913594.00
Title II: Conservation,DE,2021,13298298.00
Title II: Conservation,FL,2021,62513145.00
Title II: Conservation,GA,2021,107331342.42
Title II: Conservation,HI,2021,16423774.00
Title II: Conservation,IA,2021,486286454.69
Title II: Conservation,ID,2021,70561655.61
Title II: Conservation,IL,2021,248156869.40
Title II: Conservation,IN,2021,106634335.10
Title II: Conservation,KS,2021,167625273.06
Title II: Conservation,KY,2021,89322383.45
Title II: Conservation,LA,2021,111612386.97
Title II: Conservation,MA,2021,11090617.00
Title II: Conservation,MD,2021,33839278.01
Title II: Conservation,ME,2021,19761893.00
Title II: Conservation,MI,2021,58274256.06
Title II: Conservation,MN,2021,210555885.20
Title II: Conservation,MO,2021,185261947.70
Title II: Conservation,MS,2021,167261207.44
Title II: Conservation,MT,2021,116175939.67
Title II: Conservation,NC,2021,53686072.41
Title II: Conservation,ND,2021,117994067.21
Title II: Conservation,NE,2021,149825244.12
Title II: Conservation,NH,2021,12732500.00
Title II: Conservation,NJ,2021,13330954.00
Title II: Conservation,NM,2021,77099290.29
Title II: Conservation,NV,2021,11793886.00
Title II: Conservation,NY,2021,37927430.99
Title II: Conservation,OH,2021,96414627.70
Title II: Conservation,OK,2021,79440076.11
Title II: Conservation,OR,2021,101509808.07
Title II: Conservation,PA,2021,65195633.83
Title II: Conservation,RI,2021,9281665.00
Title II: Conservation,SC,2021,66382712.69
Title II: Conservation,SD,2021,178853192.42
Title II: Conservation,TN,2021,94394623.04
Title II: Conservation,TX,2021,261125477.52
Title II: Conservation,UT,2021,63337065.00
Title II: Conservation,VA,2021,52649212.56
Title II: Conservation,VT,2021,24395180.98
Title II: Conservation,WA,2021,124467197.63
Title II: Conservation,WI,2021,102465629.76
Title II: Conservation,WV,2021,26721986.00
Title II: Conservation,WY,2021,36180385.00
Crop Insurance,AK,2022,109702.00
Crop Insurance,AL,2022,-25533008.00
Crop Insurance,AR,2022,44006341.00
Crop Insurance,AZ,2022,62411425.00
Crop Insurance,CA,2022,278552950.00
Crop Insurance,CO,2022,132703764.00
Crop Insurance,CT,2022,-2895544.00
Crop Insurance,DE,2022,-5348510.00
Crop Insurance,FL,2022,103176714.00
Crop Insurance,GA,2022,-47712411.00
Crop Insurance,HI,2022,-520575.00
Crop Insurance,IA,2022,-611255260.00
Crop Insurance,ID,2022,-8659027.00
Crop Insurance,IL,2022,-458009161.00
Crop Insurance,IN,2022,-252385877.00
Crop Insurance,KS,2022,-347795792.00
Crop Insurance,KY,2022,-76667570.00
Crop Insurance,LA,2022,-18184340.00
Crop Insurance,MA,2022,-1805098.00
Crop Insurance,MD,2022,-14925338.00
Crop Insurance,ME,2022,-3535192.00
Crop Insurance,MI,2022,-70967692.00
Crop Insurance,MN,2022,-251464307.00
Crop Insurance,MO,2022,-120525092.00
Crop Insurance,MS,2022,-21763084.00
Crop Insurance,MT,2022,53140577.00
Crop Insurance,NC,2022,-90621730.00
Crop Insurance,ND,2022,271325862.00
Crop Insurance,NE,2022,-173859004.00
Crop Insurance,NH,2022,-171436.00
Crop Insurance,NJ,2022,-2283151.00
Crop Insurance,NM,2022,96444426.00
Crop Insurance,NV,2022,121591573.00
Crop Insurance,NY,2022,-14599745.00
Crop Insurance,OH,2022,-131569040.00
Crop Insurance,OK,2022,264070658.00
Crop Insurance,OR,2022,-12480311.00
Crop Insurance,PA,2022,-23980597.00
Crop Insurance,RI,2022,-43135.00
Crop Insurance,SC,2022,-26168668.00
Crop Insurance,SD,2022,26237975.00
Crop Insurance,TN,2022,-30847933.00
Crop Insurance,TX,2022,2075285764.00
Crop Insurance,UT,2022,39940354.00
Crop Insurance,VA,2022,-29385795.00
Crop Insurance,VT,2022,-1405180.00
Crop Insurance,WA,2022,-77711220.00
Crop Insurance,WI,2022,-122455361.00
Crop Insurance,WV,2022,-1099030.00
Crop Insurance,WY,2022,18209128.00
Supplemental Nutrition Assistance Program (SNAP),AK,2022,348717900.00
Supplemental Nutrition Assistance Program (SNAP),AL,2022,2161908716.00
Supplemental Nutrition Assistance Program (SNAP),AR,2022,509596270.00
Supplemental Nutrition Assistance Program (SNAP),AZ,2022,1912395634.00
Supplemental Nutrition Assistance Program (SNAP),CA,2022,14424776610.00
Supplemental Nutrition Assistance Program (SNAP),CO,2022,1473934886.00
Supplemental Nutrition Assistance Program (SNAP),CT,2022,1115512850.00
Supplemental Nutrition Assistance Program (SNAP),DE,2022,323485761.00
Supplemental Nutrition Assistance Program (SNAP),FL,2022,4975285574.00
Supplemental Nutrition Assistance Program (SNAP),GA,2022,4093404907.00
Supplemental Nutrition Assistance Program (SNAP),HI,2022,900720734.00
Supplemental Nutrition Assistance Program (SNAP),IA,2022,596714651.00
Supplemental Nutrition Assistance Program (SNAP),ID,2022,220405707.00
Supplemental Nutrition Assistance Program (SNAP),IL,2022,5678772072.00
Supplemental Nutrition Assistance Program (SNAP),IN,2022,1523624552.00
Supplemental Nutrition Assistance Program (SNAP),KS,2022,558884067.00
Supplemental Nutrition Assistance Program (SNAP),KY,2022,1265479724.00
Supplemental Nutrition Assistance Program (SNAP),LA,2022,2388597365.00
Supplemental Nutrition Assistance Program (SNAP),MA,2022,3135942192.00
Supplemental Nutrition Assistance Program (SNAP),MD,2022,2117227174.00
Supplemental Nutrition Assistance Program (SNAP),ME,2022,475481836.00
Supplemental Nutrition Assistance Program (SNAP),MI,2022,3941434011.00
Supplemental Nutrition Assistance Program (SNAP),MN,2022,1558162188.00
Supplemental Nutrition Assistance Program (SNAP),MO,2022,1298301743.00
Supplemental Nutrition Assistance Program (SNAP),MS,2022,851232937.00
Supplemental Nutrition Assistance Program (SNAP),MT,2022,155175590.00
Supplemental Nutrition Assistance Program (SNAP),NC,2022,4737610255.00
Supplemental Nutrition Assistance Program (SNAP),ND,2022,90503186.00
Supplemental Nutrition Assistance Program (SNAP),NE,2022,265904110.00
Supplemental Nutrition Assistance Program (SNAP),NH,2022,200380711.00
Supplemental Nutrition Assistance Program (SNAP),NJ,2022,2576443628.00
Supplemental Nutrition Assistance Program (SNAP),NM,2022,1486850924.00
Supplemental Nutrition Assistance Program (SNAP),NV,2022,1281156203.00
Supplemental Nutrition Assistance Program (SNAP),NY,2022,8699495581.00
Supplemental Nutrition Assistance Program (SNAP),OH,2022,4299141255.00
Supplemental Nutrition Assistance Program (SNAP),OK,2022,1802791838.00
Supplemental Nutrition Assistance Program (SNAP),OR,2022,2094359050.00
Supplemental Nutrition Assistance Program (SNAP),PA,2022,5017489465.00
Supplemental Nutrition Assistance Program (SNAP),RI,2022,424913309.00
Supplemental Nutrition Assistance Program (SNAP),SC,2022,1719271318.00
Supplemental Nutrition Assistance Program (SNAP),SD,2022,143211449.00
Supplemental Nutrition Assistance Program (SNAP),TN,2022,1800936365.00
Supplemental Nutrition Assistance Program (SNAP),TX,2022,9882113180.00
Supplemental Nutrition Assistance Program (SNAP),UT,2022,426939679.00
Supplemental Nutrition Assistance Program (SNAP),VA,2022,2324190266.00
Supplemental Nutrition Assistance Program (SNAP),VT,2022,205688345.00
Supplemental Nutrition Assistance Program (SNAP),WA,2022,2527621418.00
Supplemental Nutrition Assistance Program (SNAP),WI,2022,2073817767.00
Supplemental Nutrition Assistance Program (SNAP),WV,2022,884685288.00
Supplemental Nutrition Assistance Program (SNAP),WY,2022,68566524.00
Title I: Commodities,AK,2022,124165.67
Title I: Commodities,AL,2022,63671273.80
Title I: Commodities,AR,2022,190846726.45
Title I: Commodities,AZ,2022,24578235.66
Title I: Commodities,CA,2022,67624560.18
Title I: Commodities,CO,2022,54586621.83
Title I: Commodities,CT,2022,1194042.08
Title I: Commodities,DE,2022,1206783.70
Title I: Commodities,FL,2022,32432087.84
Title I: Commodities,GA,2022,210724235.29
Title I: Commodities,HI,2022,1750338.00
Title I: Commodities,IA,2022,24655094.42
Title I: Commodities,ID,2022,61794857.91
Title I: Commodities,IL,2022,25016352.04
Title I: Commodities,IN,2022,14173318.04
Title I: Commodities,KS,2022,150845900.41
Title I: Commodities,KY,2022,12572894.39
Title I: Commodities,LA,2022,83545772.79
Title I: Commodities,MA,2022,2309512.00
Title I: Commodities,MD,2022,6317601.86
Title I: Commodities,ME,2022,2939576.33
Title I: Commodities,MI,2022,27520548.65
Title I: Commodities,MN,2022,76239144.27
Title I: Commodities,MO,2022,64615466.66
Title I: Commodities,MS,2022,92954808.60
Title I: Commodities,MT,2022,135777950.98
Title I: Commodities,NC,2022,64407713.07
Title I: Commodities,ND,2022,221350125.00
Title I: Commodities,NE,2022,36934772.66
Title I: Commodities,NH,2022,1152633.35
Title I: Commodities,NJ,2022,739602.81
Title I: Commodities,NM,2022,18028459.47
Title I: Commodities,NV,2022,3227823.27
Title I: Commodities,NY,2022,36852098.07
Title I: Commodities,OH,2022,30733942.27
Title I: Commodities,OK,2022,108152181.16
Title I: Commodities,OR,2022,35509801.62
Title I: Commodities,PA,2022,32521328.42
Title I: Commodities,RI,2022,66352.90
Title I: Commodities,SC,2022,27532181.43
Title I: Commodities,SD,2022,84832928.94
Title I: Commodities,TN,2022,33176437.86
Title I: Commodities,TX,2022,352320298.95
Title I: Commodities,UT,2022,12156711.56
Title I: Commodities,VA,2022,29360007.08
Title I: Commodities,VT,2022,8715481.81
Title I: Commodities,WA,2022,76165471.79
Title I: Commodities,WI,2022,87855054.13
Title I: Commodities,WV,2022,440573.58
Title I: Commodities,WY,2022,21669713.00
Title II: Conservation,AK,2022,224326.00
Title II: Conservation,AL,2022,7139568.01
Title II: Conservation,AR,2022,15612450.04
Title II: Conservation,AZ,2022,0.00
Title II: Conservation,CA,2022,1784264.00
Title II: Conservation,CO,2022,48649255.53
Title II: Conservation,CT,2022,94.00
Title II: Conservation,DE,2022,498615.86
Title II: Conservation,FL,2022,687167.00
Title II: Conservation,GA,2022,12197142.65
Title II: Conservation,HI,2022,30919.00
Title II: Conservation,IA,2022,377367063.97
Title II: Conservation,ID,2022,22331454.98
Title II: Conservation,IL,2022,163723517.67
Title II: Conservation,IN,2022,38058251.93
Title II: Conservation,KS,2022,74066896.90
Title II: Conservation,KY,2022,31171136.59
Title II: Conservation,LA,2022,22953027.97
Title II: Conservation,MA,2022,864.00
Title II: Conservation,MD,2022,10000836.04
Title II: Conservation,ME,2022,220050.00
Title II: Conservation,MI,2022,13900469.91
Title II: Conservation,MN,2022,136246248.84
Title II: Conservation,MO,2022,95949278.55
Title II: Conservation,MS,2022,39987516.18
Title II: Conservation,MT,2022,23906023.81
Title II: Conservation,NC,2022,2380051.47
Title II: Conservation,ND,2022,62797063.53
Title II: Conservation,NE,2022,71133060.40
Title II: Conservation,NH,2022,0.00
Title II: Conservation,NJ,2022,163165.00
Title II: Conservation,NM,2022,12423119.00
Title II: Conservation,NV,2022,11683.00
Title II: Conservation,NY,2022,1612474.00
Title II: Conservation,OH,2022,43960279.72
Title II: Conservation,OK,2022,15257599.67
Title II: Conservation,OR,2022,28193264.30
Title II: Conservation,PA,2022,13542193.01
Title II: Conservation,RI,2022,2065.00
Title II: Conservation,SC,2022,1718349.00
Title II: Conservation,SD,2022,100670192.55
Title II: Conservation,TN,2022,10542870.00
Title II: Conservation,TX,2022,77850257.22
Title II: Conservation,UT,2022,3541750.00
Title II: Conservation,VA,2022,2132766.00
Title II: Conservation,VT,2022,247036.92
Title II: Conservation,WA,2022,56715678.29
Title II: Conservation,WI,2022,30034726.85
Title II: Conservation,WV,2022,431715.00
Title II: Conservation,WY,2022,3099081.94